id_periodo,anio,numero_semana,fecha_inicio,fecha_fin
1,2000,1,2000-01-02,2000-01-08
2,2000,2,2000-01-09,2000-01-15
3,2000,3,2000-01-16,2000-01-22
4,2000,4,2000-01-23,2000-01-29
5,2000,5,2000-01-30,2000-02-05
6,2000,6,2000-02-06,2000-02-12
7,2000,7,2000-02-13,2000-02-19
8,2000,8,2000-02-20,2000-02-26
9,2000,9,2000-02-27,2000-03-04
10,2000,10,2000-03-05,2000-03-11
11,2000,11,2000-03-12,2000-03-18
12,2000,12,2000-03-19,2000-03-25
13,2000,13,2000-03-26,2000-04-01
14,2000,14,2000-04-02,2000-04-08
15,2000,15,2000-04-09,2000-04-15
16,2000,16,2000-04-16,2000-04-22
17,2000,17,2000-04-23,2000-04-29
18,2000,18,2000-04-30,2000-05-06
19,2000,19,2000-05-07,2000-05-13
20,2000,20,2000-05-14,2000-05-20
21,2000,21,2000-05-21,2000-05-27
22,2000,22,2000-05-28,2000-06-03
23,2000,23,2000-06-04,2000-06-10
24,2000,24,2000-06-11,2000-06-17
25,2000,25,2000-06-18,2000-06-24
26,2000,26,2000-06-25,2000-07-01
27,2000,27,2000-07-02,2000-07-08
28,2000,28,2000-07-09,2000-07-15
29,2000,29,2000-07-16,2000-07-22
30,2000,30,2000-07-23,2000-07-29
31,2000,31,2000-07-30,2000-08-05
32,2000,32,2000-08-06,2000-08-12
33,2000,33,2000-08-13,2000-08-19
34,2000,34,2000-08-20,2000-08-26
35,2000,35,2000-08-27,2000-09-02
36,2000,36,2000-09-03,2000-09-09
37,2000,37,2000-09-10,2000-09-16
38,2000,38,2000-09-17,2000-09-23
39,2000,39,2000-09-24,2000-09-30
40,2000,40,2000-10-01,2000-10-07
41,2000,41,2000-10-08,2000-10-14
42,2000,42,2000-10-15,2000-10-21
43,2000,43,2000-10-22,2000-10-28
44,2000,44,2000-10-29,2000-11-04
45,2000,45,2000-11-05,2000-11-11
46,2000,46,2000-11-12,2000-11-18
47,2000,47,2000-11-19,2000-11-25
48,2000,48,2000-11-26,2000-12-02
49,2000,49,2000-12-03,2000-12-09
50,2000,50,2000-12-10,2000-12-16
51,2000,51,2000-12-17,2000-12-23
52,2000,52,2000-12-24,2000-12-30
53,2000,53,2000-12-31,2001-01-06
54,2001,1,2001-01-07,2001-01-13
55,2001,2,2001-01-14,2001-01-20
56,2001,3,2001-01-21,2001-01-27
57,2001,4,2001-01-28,2001-02-03
58,2001,5,2001-02-04,2001-02-10
59,2001,6,2001-02-11,2001-02-17
60,2001,7,2001-02-18,2001-02-24
61,2001,8,2001-02-25,2001-03-03
62,2001,9,2001-03-04,2001-03-10
63,2001,10,2001-03-11,2001-03-17
64,2001,11,2001-03-18,2001-03-24
65,2001,12,2001-03-25,2001-03-31
66,2001,13,2001-04-01,2001-04-07
67,2001,14,2001-04-08,2001-04-14
68,2001,15,2001-04-15,2001-04-21
69,2001,16,2001-04-22,2001-04-28
70,2001,17,2001-04-29,2001-05-05
71,2001,18,2001-05-06,2001-05-12
72,2001,19,2001-05-13,2001-05-19
73,2001,20,2001-05-20,2001-05-26
74,2001,21,2001-05-27,2001-06-02
75,2001,22,2001-06-03,2001-06-09
76,2001,23,2001-06-10,2001-06-16
77,2001,24,2001-06-17,2001-06-23
78,2001,25,2001-06-24,2001-06-30
79,2001,26,2001-07-01,2001-07-07
80,2001,27,2001-07-08,2001-07-14
81,2001,28,2001-07-15,2001-07-21
82,2001,29,2001-07-22,2001-07-28
83,2001,30,2001-07-29,2001-08-04
84,2001,31,2001-08-05,2001-08-11
85,2001,32,2001-08-12,2001-08-18
86,2001,33,2001-08-19,2001-08-25
87,2001,34,2001-08-26,2001-09-01
88,2001,35,2001-09-02,2001-09-08
89,2001,36,2001-09-09,2001-09-15
90,2001,37,2001-09-16,2001-09-22
91,2001,38,2001-09-23,2001-09-29
92,2001,39,2001-09-30,2001-10-06
93,2001,40,2001-10-07,2001-10-13
94,2001,41,2001-10-14,2001-10-20
95,2001,42,2001-10-21,2001-10-27
96,2001,43,2001-10-28,2001-11-03
97,2001,44,2001-11-04,2001-11-10
98,2001,45,2001-11-11,2001-11-17
99,2001,46,2001-11-18,2001-11-24
100,2001,47,2001-11-25,2001-12-01
101,2001,48,2001-12-02,2001-12-08
102,2001,49,2001-12-09,2001-12-15
103,2001,50,2001-12-16,2001-12-22
104,2001,51,2001-12-23,2001-12-29
105,2001,52,2001-12-30,2002-01-05
106,2002,1,2002-01-06,2002-01-12
107,2002,2,2002-01-13,2002-01-19
108,2002,3,2002-01-20,2002-01-26
109,2002,4,2002-01-27,2002-02-02
110,2002,5,2002-02-03,2002-02-09
111,2002,6,2002-02-10,2002-02-16
112,2002,7,2002-02-17,2002-02-23
113,2002,8,2002-02-24,2002-03-02
114,2002,9,2002-03-03,2002-03-09
115,2002,10,2002-03-10,2002-03-16
116,2002,11,2002-03-17,2002-03-23
117,2002,12,2002-03-24,2002-03-30
118,2002,13,2002-03-31,2002-04-06
119,2002,14,2002-04-07,2002-04-13
120,2002,15,2002-04-14,2002-04-20
121,2002,16,2002-04-21,2002-04-27
122,2002,17,2002-04-28,2002-05-04
123,2002,18,2002-05-05,2002-05-11
124,2002,19,2002-05-12,2002-05-18
125,2002,20,2002-05-19,2002-05-25
126,2002,21,2002-05-26,2002-06-01
127,2002,22,2002-06-02,2002-06-08
128,2002,23,2002-06-09,2002-06-15
129,2002,24,2002-06-16,2002-06-22
130,2002,25,2002-06-23,2002-06-29
131,2002,26,2002-06-30,2002-07-06
132,2002,27,2002-07-07,2002-07-13
133,2002,28,2002-07-14,2002-07-20
134,2002,29,2002-07-21,2002-07-27
135,2002,30,2002-07-28,2002-08-03
136,2002,31,2002-08-04,2002-08-10
137,2002,32,2002-08-11,2002-08-17
138,2002,33,2002-08-18,2002-08-24
139,2002,34,2002-08-25,2002-08-31
140,2002,35,2002-09-01,2002-09-07
141,2002,36,2002-09-08,2002-09-14
142,2002,37,2002-09-15,2002-09-21
143,2002,38,2002-09-22,2002-09-28
144,2002,39,2002-09-29,2002-10-05
145,2002,40,2002-10-06,2002-10-12
146,2002,41,2002-10-13,2002-10-19
147,2002,42,2002-10-20,2002-10-26
148,2002,43,2002-10-27,2002-11-02
149,2002,44,2002-11-03,2002-11-09
150,2002,45,2002-11-10,2002-11-16
151,2002,46,2002-11-17,2002-11-23
152,2002,47,2002-11-24,2002-11-30
153,2002,48,2002-12-01,2002-12-07
154,2002,49,2002-12-08,2002-12-14
155,2002,50,2002-12-15,2002-12-21
156,2002,51,2002-12-22,2002-12-28
157,2002,52,2002-12-29,2003-01-04
158,2003,1,2003-01-05,2003-01-11
159,2003,2,2003-01-12,2003-01-18
160,2003,3,2003-01-19,2003-01-25
161,2003,4,2003-01-26,2003-02-01
162,2003,5,2003-02-02,2003-02-08
163,2003,6,2003-02-09,2003-02-15
164,2003,7,2003-02-16,2003-02-22
165,2003,8,2003-02-23,2003-03-01
166,2003,9,2003-03-02,2003-03-08
167,2003,10,2003-03-09,2003-03-15
168,2003,11,2003-03-16,2003-03-22
169,2003,12,2003-03-23,2003-03-29
170,2003,13,2003-03-30,2003-04-05
171,2003,14,2003-04-06,2003-04-12
172,2003,15,2003-04-13,2003-04-19
173,2003,16,2003-04-20,2003-04-26
174,2003,17,2003-04-27,2003-05-03
175,2003,18,2003-05-04,2003-05-10
176,2003,19,2003-05-11,2003-05-17
177,2003,20,2003-05-18,2003-05-24
178,2003,21,2003-05-25,2003-05-31
179,2003,22,2003-06-01,2003-06-07
180,2003,23,2003-06-08,2003-06-14
181,2003,24,2003-06-15,2003-06-21
182,2003,25,2003-06-22,2003-06-28
183,2003,26,2003-06-29,2003-07-05
184,2003,27,2003-07-06,2003-07-12
185,2003,28,2003-07-13,2003-07-19
186,2003,29,2003-07-20,2003-07-26
187,2003,30,2003-07-27,2003-08-02
188,2003,31,2003-08-03,2003-08-09
189,2003,32,2003-08-10,2003-08-16
190,2003,33,2003-08-17,2003-08-23
191,2003,34,2003-08-24,2003-08-30
192,2003,35,2003-08-31,2003-09-06
193,2003,36,2003-09-07,2003-09-13
194,2003,37,2003-09-14,2003-09-20
195,2003,38,2003-09-21,2003-09-27
196,2003,39,2003-09-28,2003-10-04
197,2003,40,2003-10-05,2003-10-11
198,2003,41,2003-10-12,2003-10-18
199,2003,42,2003-10-19,2003-10-25
200,2003,43,2003-10-26,2003-11-01
201,2003,44,2003-11-02,2003-11-08
202,2003,45,2003-11-09,2003-11-15
203,2003,46,2003-11-16,2003-11-22
204,2003,47,2003-11-23,2003-11-29
205,2003,48,2003-11-30,2003-12-06
206,2003,49,2003-12-07,2003-12-13
207,2003,50,2003-12-14,2003-12-20
208,2003,51,2003-12-21,2003-12-27
209,2003,52,2003-12-28,2004-01-03
210,2004,1,2004-01-04,2004-01-10
211,2004,2,2004-01-11,2004-01-17
212,2004,3,2004-01-18,2004-01-24
213,2004,4,2004-01-25,2004-01-31
214,2004,5,2004-02-01,2004-02-07
215,2004,6,2004-02-08,2004-02-14
216,2004,7,2004-02-15,2004-02-21
217,2004,8,2004-02-22,2004-02-28
218,2004,9,2004-02-29,2004-03-06
219,2004,10,2004-03-07,2004-03-13
220,2004,11,2004-03-14,2004-03-20
221,2004,12,2004-03-21,2004-03-27
222,2004,13,2004-03-28,2004-04-03
223,2004,14,2004-04-04,2004-04-10
224,2004,15,2004-04-11,2004-04-17
225,2004,16,2004-04-18,2004-04-24
226,2004,17,2004-04-25,2004-05-01
227,2004,18,2004-05-02,2004-05-08
228,2004,19,2004-05-09,2004-05-15
229,2004,20,2004-05-16,2004-05-22
230,2004,21,2004-05-23,2004-05-29
231,2004,22,2004-05-30,2004-06-05
232,2004,23,2004-06-06,2004-06-12
233,2004,24,2004-06-13,2004-06-19
234,2004,25,2004-06-20,2004-06-26
235,2004,26,2004-06-27,2004-07-03
236,2004,27,2004-07-04,2004-07-10
237,2004,28,2004-07-11,2004-07-17
238,2004,29,2004-07-18,2004-07-24
239,2004,30,2004-07-25,2004-07-31
240,2004,31,2004-08-01,2004-08-07
241,2004,32,2004-08-08,2004-08-14
242,2004,33,2004-08-15,2004-08-21
243,2004,34,2004-08-22,2004-08-28
244,2004,35,2004-08-29,2004-09-04
245,2004,36,2004-09-05,2004-09-11
246,2004,37,2004-09-12,2004-09-18
247,2004,38,2004-09-19,2004-09-25
248,2004,39,2004-09-26,2004-10-02
249,2004,40,2004-10-03,2004-10-09
250,2004,41,2004-10-10,2004-10-16
251,2004,42,2004-10-17,2004-10-23
252,2004,43,2004-10-24,2004-10-30
253,2004,44,2004-10-31,2004-11-06
254,2004,45,2004-11-07,2004-11-13
255,2004,46,2004-11-14,2004-11-20
256,2004,47,2004-11-21,2004-11-27
257,2004,48,2004-11-28,2004-12-04
258,2004,49,2004-12-05,2004-12-11
259,2004,50,2004-12-12,2004-12-18
260,2004,51,2004-12-19,2004-12-25
261,2004,52,2004-12-26,2005-01-01
262,2005,1,2005-01-02,2005-01-08
263,2005,2,2005-01-09,2005-01-15
264,2005,3,2005-01-16,2005-01-22
265,2005,4,2005-01-23,2005-01-29
266,2005,5,2005-01-30,2005-02-05
267,2005,6,2005-02-06,2005-02-12
268,2005,7,2005-02-13,2005-02-19
269,2005,8,2005-02-20,2005-02-26
270,2005,9,2005-02-27,2005-03-05
271,2005,10,2005-03-06,2005-03-12
272,2005,11,2005-03-13,2005-03-19
273,2005,12,2005-03-20,2005-03-26
274,2005,13,2005-03-27,2005-04-02
275,2005,14,2005-04-03,2005-04-09
276,2005,15,2005-04-10,2005-04-16
277,2005,16,2005-04-17,2005-04-23
278,2005,17,2005-04-24,2005-04-30
279,2005,18,2005-05-01,2005-05-07
280,2005,19,2005-05-08,2005-05-14
281,2005,20,2005-05-15,2005-05-21
282,2005,21,2005-05-22,2005-05-28
283,2005,22,2005-05-29,2005-06-04
284,2005,23,2005-06-05,2005-06-11
285,2005,24,2005-06-12,2005-06-18
286,2005,25,2005-06-19,2005-06-25
287,2005,26,2005-06-26,2005-07-02
288,2005,27,2005-07-03,2005-07-09
289,2005,28,2005-07-10,2005-07-16
290,2005,29,2005-07-17,2005-07-23
291,2005,30,2005-07-24,2005-07-30
292,2005,31,2005-07-31,2005-08-06
293,2005,32,2005-08-07,2005-08-13
294,2005,33,2005-08-14,2005-08-20
295,2005,34,2005-08-21,2005-08-27
296,2005,35,2005-08-28,2005-09-03
297,2005,36,2005-09-04,2005-09-10
298,2005,37,2005-09-11,2005-09-17
299,2005,38,2005-09-18,2005-09-24
300,2005,39,2005-09-25,2005-10-01
301,2005,40,2005-10-02,2005-10-08
302,2005,41,2005-10-09,2005-10-15
303,2005,42,2005-10-16,2005-10-22
304,2005,43,2005-10-23,2005-10-29
305,2005,44,2005-10-30,2005-11-05
306,2005,45,2005-11-06,2005-11-12
307,2005,46,2005-11-13,2005-11-19
308,2005,47,2005-11-20,2005-11-26
309,2005,48,2005-11-27,2005-12-03
310,2005,49,2005-12-04,2005-12-10
311,2005,50,2005-12-11,2005-12-17
312,2005,51,2005-12-18,2005-12-24
313,2005,52,2005-12-25,2005-12-31
314,2006,1,2006-01-01,2006-01-07
315,2006,2,2006-01-08,2006-01-14
316,2006,3,2006-01-15,2006-01-21
317,2006,4,2006-01-22,2006-01-28
318,2006,5,2006-01-29,2006-02-04
319,2006,6,2006-02-05,2006-02-11
320,2006,7,2006-02-12,2006-02-18
321,2006,8,2006-02-19,2006-02-25
322,2006,9,2006-02-26,2006-03-04
323,2006,10,2006-03-05,2006-03-11
324,2006,11,2006-03-12,2006-03-18
325,2006,12,2006-03-19,2006-03-25
326,2006,13,2006-03-26,2006-04-01
327,2006,14,2006-04-02,2006-04-08
328,2006,15,2006-04-09,2006-04-15
329,2006,16,2006-04-16,2006-04-22
330,2006,17,2006-04-23,2006-04-29
331,2006,18,2006-04-30,2006-05-06
332,2006,19,2006-05-07,2006-05-13
333,2006,20,2006-05-14,2006-05-20
334,2006,21,2006-05-21,2006-05-27
335,2006,22,2006-05-28,2006-06-03
336,2006,23,2006-06-04,2006-06-10
337,2006,24,2006-06-11,2006-06-17
338,2006,25,2006-06-18,2006-06-24
339,2006,26,2006-06-25,2006-07-01
340,2006,27,2006-07-02,2006-07-08
341,2006,28,2006-07-09,2006-07-15
342,2006,29,2006-07-16,2006-07-22
343,2006,30,2006-07-23,2006-07-29
344,2006,31,2006-07-30,2006-08-05
345,2006,32,2006-08-06,2006-08-12
346,2006,33,2006-08-13,2006-08-19
347,2006,34,2006-08-20,2006-08-26
348,2006,35,2006-08-27,2006-09-02
349,2006,36,2006-09-03,2006-09-09
350,2006,37,2006-09-10,2006-09-16
351,2006,38,2006-09-17,2006-09-23
352,2006,39,2006-09-24,2006-09-30
353,2006,40,2006-10-01,2006-10-07
354,2006,41,2006-10-08,2006-10-14
355,2006,42,2006-10-15,2006-10-21
356,2006,43,2006-10-22,2006-10-28
357,2006,44,2006-10-29,2006-11-04
358,2006,45,2006-11-05,2006-11-11
359,2006,46,2006-11-12,2006-11-18
360,2006,47,2006-11-19,2006-11-25
361,2006,48,2006-11-26,2006-12-02
362,2006,49,2006-12-03,2006-12-09
363,2006,50,2006-12-10,2006-12-16
364,2006,51,2006-12-17,2006-12-23
365,2006,52,2006-12-24,2006-12-30
366,2006,53,2006-12-31,2007-01-06
367,2007,1,2007-01-07,2007-01-13
368,2007,2,2007-01-14,2007-01-20
369,2007,3,2007-01-21,2007-01-27
370,2007,4,2007-01-28,2007-02-03
371,2007,5,2007-02-04,2007-02-10
372,2007,6,2007-02-11,2007-02-17
373,2007,7,2007-02-18,2007-02-24
374,2007,8,2007-02-25,2007-03-03
375,2007,9,2007-03-04,2007-03-10
376,2007,10,2007-03-11,2007-03-17
377,2007,11,2007-03-18,2007-03-24
378,2007,12,2007-03-25,2007-03-31
379,2007,13,2007-04-01,2007-04-07
380,2007,14,2007-04-08,2007-04-14
381,2007,15,2007-04-15,2007-04-21
382,2007,16,2007-04-22,2007-04-28
383,2007,17,2007-04-29,2007-05-05
384,2007,18,2007-05-06,2007-05-12
385,2007,19,2007-05-13,2007-05-19
386,2007,20,2007-05-20,2007-05-26
387,2007,21,2007-05-27,2007-06-02
388,2007,22,2007-06-03,2007-06-09
389,2007,23,2007-06-10,2007-06-16
390,2007,24,2007-06-17,2007-06-23
391,2007,25,2007-06-24,2007-06-30
392,2007,26,2007-07-01,2007-07-07
393,2007,27,2007-07-08,2007-07-14
394,2007,28,2007-07-15,2007-07-21
395,2007,29,2007-07-22,2007-07-28
396,2007,30,2007-07-29,2007-08-04
397,2007,31,2007-08-05,2007-08-11
398,2007,32,2007-08-12,2007-08-18
399,2007,33,2007-08-19,2007-08-25
400,2007,34,2007-08-26,2007-09-01
401,2007,35,2007-09-02,2007-09-08
402,2007,36,2007-09-09,2007-09-15
403,2007,37,2007-09-16,2007-09-22
404,2007,38,2007-09-23,2007-09-29
405,2007,39,2007-09-30,2007-10-06
406,2007,40,2007-10-07,2007-10-13
407,2007,41,2007-10-14,2007-10-20
408,2007,42,2007-10-21,2007-10-27
409,2007,43,2007-10-28,2007-11-03
410,2007,44,2007-11-04,2007-11-10
411,2007,45,2007-11-11,2007-11-17
412,2007,46,2007-11-18,2007-11-24
413,2007,47,2007-11-25,2007-12-01
414,2007,48,2007-12-02,2007-12-08
415,2007,49,2007-12-09,2007-12-15
416,2007,50,2007-12-16,2007-12-22
417,2007,51,2007-12-23,2007-12-29
418,2007,52,2007-12-30,2008-01-05
419,2008,1,2008-01-06,2008-01-12
420,2008,2,2008-01-13,2008-01-19
421,2008,3,2008-01-20,2008-01-26
422,2008,4,2008-01-27,2008-02-02
423,2008,5,2008-02-03,2008-02-09
424,2008,6,2008-02-10,2008-02-16
425,2008,7,2008-02-17,2008-02-23
426,2008,8,2008-02-24,2008-03-01
427,2008,9,2008-03-02,2008-03-08
428,2008,10,2008-03-09,2008-03-15
429,2008,11,2008-03-16,2008-03-22
430,2008,12,2008-03-23,2008-03-29
431,2008,13,2008-03-30,2008-04-05
432,2008,14,2008-04-06,2008-04-12
433,2008,15,2008-04-13,2008-04-19
434,2008,16,2008-04-20,2008-04-26
435,2008,17,2008-04-27,2008-05-03
436,2008,18,2008-05-04,2008-05-10
437,2008,19,2008-05-11,2008-05-17
438,2008,20,2008-05-18,2008-05-24
439,2008,21,2008-05-25,2008-05-31
440,2008,22,2008-06-01,2008-06-07
441,2008,23,2008-06-08,2008-06-14
442,2008,24,2008-06-15,2008-06-21
443,2008,25,2008-06-22,2008-06-28
444,2008,26,2008-06-29,2008-07-05
445,2008,27,2008-07-06,2008-07-12
446,2008,28,2008-07-13,2008-07-19
447,2008,29,2008-07-20,2008-07-26
448,2008,30,2008-07-27,2008-08-02
449,2008,31,2008-08-03,2008-08-09
450,2008,32,2008-08-10,2008-08-16
451,2008,33,2008-08-17,2008-08-23
452,2008,34,2008-08-24,2008-08-30
453,2008,35,2008-08-31,2008-09-06
454,2008,36,2008-09-07,2008-09-13
455,2008,37,2008-09-14,2008-09-20
456,2008,38,2008-09-21,2008-09-27
457,2008,39,2008-09-28,2008-10-04
458,2008,40,2008-10-05,2008-10-11
459,2008,41,2008-10-12,2008-10-18
460,2008,42,2008-10-19,2008-10-25
461,2008,43,2008-10-26,2008-11-01
462,2008,44,2008-11-02,2008-11-08
463,2008,45,2008-11-09,2008-11-15
464,2008,46,2008-11-16,2008-11-22
465,2008,47,2008-11-23,2008-11-29
466,2008,48,2008-11-30,2008-12-06
467,2008,49,2008-12-07,2008-12-13
468,2008,50,2008-12-14,2008-12-20
469,2008,51,2008-12-21,2008-12-27
470,2008,52,2008-12-28,2009-01-03
471,2009,1,2009-01-04,2009-01-10
472,2009,2,2009-01-11,2009-01-17
473,2009,3,2009-01-18,2009-01-24
474,2009,4,2009-01-25,2009-01-31
475,2009,5,2009-02-01,2009-02-07
476,2009,6,2009-02-08,2009-02-14
477,2009,7,2009-02-15,2009-02-21
478,2009,8,2009-02-22,2009-02-28
479,2009,9,2009-03-01,2009-03-07
480,2009,10,2009-03-08,2009-03-14
481,2009,11,2009-03-15,2009-03-21
482,2009,12,2009-03-22,2009-03-28
483,2009,13,2009-03-29,2009-04-04
484,2009,14,2009-04-05,2009-04-11
485,2009,15,2009-04-12,2009-04-18
486,2009,16,2009-04-19,2009-04-25
487,2009,17,2009-04-26,2009-05-02
488,2009,18,2009-05-03,2009-05-09
489,2009,19,2009-05-10,2009-05-16
490,2009,20,2009-05-17,2009-05-23
491,2009,21,2009-05-24,2009-05-30
492,2009,22,2009-05-31,2009-06-06
493,2009,23,2009-06-07,2009-06-13
494,2009,24,2009-06-14,2009-06-20
495,2009,25,2009-06-21,2009-06-27
496,2009,26,2009-06-28,2009-07-04
497,2009,27,2009-07-05,2009-07-11
498,2009,28,2009-07-12,2009-07-18
499,2009,29,2009-07-19,2009-07-25
500,2009,30,2009-07-26,2009-08-01
501,2009,31,2009-08-02,2009-08-08
502,2009,32,2009-08-09,2009-08-15
503,2009,33,2009-08-16,2009-08-22
504,2009,34,2009-08-23,2009-08-29
505,2009,35,2009-08-30,2009-09-05
506,2009,36,2009-09-06,2009-09-12
507,2009,37,2009-09-13,2009-09-19
508,2009,38,2009-09-20,2009-09-26
509,2009,39,2009-09-27,2009-10-03
510,2009,40,2009-10-04,2009-10-10
511,2009,41,2009-10-11,2009-10-17
512,2009,42,2009-10-18,2009-10-24
513,2009,43,2009-10-25,2009-10-31
514,2009,44,2009-11-01,2009-11-07
515,2009,45,2009-11-08,2009-11-14
516,2009,46,2009-11-15,2009-11-21
517,2009,47,2009-11-22,2009-11-28
518,2009,48,2009-11-29,2009-12-05
519,2009,49,2009-12-06,2009-12-12
520,2009,50,2009-12-13,2009-12-19
521,2009,51,2009-12-20,2009-12-26
522,2009,52,2009-12-27,2010-01-02
523,2010,1,2010-01-03,2010-01-09
524,2010,2,2010-01-10,2010-01-16
525,2010,3,2010-01-17,2010-01-23
526,2010,4,2010-01-24,2010-01-30
527,2010,5,2010-01-31,2010-02-06
528,2010,6,2010-02-07,2010-02-13
529,2010,7,2010-02-14,2010-02-20
530,2010,8,2010-02-21,2010-02-27
531,2010,9,2010-02-28,2010-03-06
532,2010,10,2010-03-07,2010-03-13
533,2010,11,2010-03-14,2010-03-20
534,2010,12,2010-03-21,2010-03-27
535,2010,13,2010-03-28,2010-04-03
536,2010,14,2010-04-04,2010-04-10
537,2010,15,2010-04-11,2010-04-17
538,2010,16,2010-04-18,2010-04-24
539,2010,17,2010-04-25,2010-05-01
540,2010,18,2010-05-02,2010-05-08
541,2010,19,2010-05-09,2010-05-15
542,2010,20,2010-05-16,2010-05-22
543,2010,21,2010-05-23,2010-05-29
544,2010,22,2010-05-30,2010-06-05
545,2010,23,2010-06-06,2010-06-12
546,2010,24,2010-06-13,2010-06-19
547,2010,25,2010-06-20,2010-06-26
548,2010,26,2010-06-27,2010-07-03
549,2010,27,2010-07-04,2010-07-10
550,2010,28,2010-07-11,2010-07-17
551,2010,29,2010-07-18,2010-07-24
552,2010,30,2010-07-25,2010-07-31
553,2010,31,2010-08-01,2010-08-07
554,2010,32,2010-08-08,2010-08-14
555,2010,33,2010-08-15,2010-08-21
556,2010,34,2010-08-22,2010-08-28
557,2010,35,2010-08-29,2010-09-04
558,2010,36,2010-09-05,2010-09-11
559,2010,37,2010-09-12,2010-09-18
560,2010,38,2010-09-19,2010-09-25
561,2010,39,2010-09-26,2010-10-02
562,2010,40,2010-10-03,2010-10-09
563,2010,41,2010-10-10,2010-10-16
564,2010,42,2010-10-17,2010-10-23
565,2010,43,2010-10-24,2010-10-30
566,2010,44,2010-10-31,2010-11-06
567,2010,45,2010-11-07,2010-11-13
568,2010,46,2010-11-14,2010-11-20
569,2010,47,2010-11-21,2010-11-27
570,2010,48,2010-11-28,2010-12-04
571,2010,49,2010-12-05,2010-12-11
572,2010,50,2010-12-12,2010-12-18
573,2010,51,2010-12-19,2010-12-25
574,2010,52,2010-12-26,2011-01-01
575,2011,1,2011-01-02,2011-01-08
576,2011,2,2011-01-09,2011-01-15
577,2011,3,2011-01-16,2011-01-22
578,2011,4,2011-01-23,2011-01-29
579,2011,5,2011-01-30,2011-02-05
580,2011,6,2011-02-06,2011-02-12
581,2011,7,2011-02-13,2011-02-19
582,2011,8,2011-02-20,2011-02-26
583,2011,9,2011-02-27,2011-03-05
584,2011,10,2011-03-06,2011-03-12
585,2011,11,2011-03-13,2011-03-19
586,2011,12,2011-03-20,2011-03-26
587,2011,13,2011-03-27,2011-04-02
588,2011,14,2011-04-03,2011-04-09
589,2011,15,2011-04-10,2011-04-16
590,2011,16,2011-04-17,2011-04-23
591,2011,17,2011-04-24,2011-04-30
592,2011,18,2011-05-01,2011-05-07
593,2011,19,2011-05-08,2011-05-14
594,2011,20,2011-05-15,2011-05-21
595,2011,21,2011-05-22,2011-05-28
596,2011,22,2011-05-29,2011-06-04
597,2011,23,2011-06-05,2011-06-11
598,2011,24,2011-06-12,2011-06-18
599,2011,25,2011-06-19,2011-06-25
600,2011,26,2011-06-26,2011-07-02
601,2011,27,2011-07-03,2011-07-09
602,2011,28,2011-07-10,2011-07-16
603,2011,29,2011-07-17,2011-07-23
604,2011,30,2011-07-24,2011-07-30
605,2011,31,2011-07-31,2011-08-06
606,2011,32,2011-08-07,2011-08-13
607,2011,33,2011-08-14,2011-08-20
608,2011,34,2011-08-21,2011-08-27
609,2011,35,2011-08-28,2011-09-03
610,2011,36,2011-09-04,2011-09-10
611,2011,37,2011-09-11,2011-09-17
612,2011,38,2011-09-18,2011-09-24
613,2011,39,2011-09-25,2011-10-01
614,2011,40,2011-10-02,2011-10-08
615,2011,41,2011-10-09,2011-10-15
616,2011,42,2011-10-16,2011-10-22
617,2011,43,2011-10-23,2011-10-29
618,2011,44,2011-10-30,2011-11-05
619,2011,45,2011-11-06,2011-11-12
620,2011,46,2011-11-13,2011-11-19
621,2011,47,2011-11-20,2011-11-26
622,2011,48,2011-11-27,2011-12-03
623,2011,49,2011-12-04,2011-12-10
624,2011,50,2011-12-11,2011-12-17
625,2011,51,2011-12-18,2011-12-24
626,2011,52,2011-12-25,2011-12-31
627,2012,1,2012-01-01,2012-01-07
628,2012,2,2012-01-08,2012-01-14
629,2012,3,2012-01-15,2012-01-21
630,2012,4,2012-01-22,2012-01-28
631,2012,5,2012-01-29,2012-02-04
632,2012,6,2012-02-05,2012-02-11
633,2012,7,2012-02-12,2012-02-18
634,2012,8,2012-02-19,2012-02-25
635,2012,9,2012-02-26,2012-03-03
636,2012,10,2012-03-04,2012-03-10
637,2012,11,2012-03-11,2012-03-17
638,2012,12,2012-03-18,2012-03-24
639,2012,13,2012-03-25,2012-03-31
640,2012,14,2012-04-01,2012-04-07
641,2012,15,2012-04-08,2012-04-14
642,2012,16,2012-04-15,2012-04-21
643,2012,17,2012-04-22,2012-04-28
644,2012,18,2012-04-29,2012-05-05
645,2012,19,2012-05-06,2012-05-12
646,2012,20,2012-05-13,2012-05-19
647,2012,21,2012-05-20,2012-05-26
648,2012,22,2012-05-27,2012-06-02
649,2012,23,2012-06-03,2012-06-09
650,2012,24,2012-06-10,2012-06-16
651,2012,25,2012-06-17,2012-06-23
652,2012,26,2012-06-24,2012-06-30
653,2012,27,2012-07-01,2012-07-07
654,2012,28,2012-07-08,2012-07-14
655,2012,29,2012-07-15,2012-07-21
656,2012,30,2012-07-22,2012-07-28
657,2012,31,2012-07-29,2012-08-04
658,2012,32,2012-08-05,2012-08-11
659,2012,33,2012-08-12,2012-08-18
660,2012,34,2012-08-19,2012-08-25
661,2012,35,2012-08-26,2012-09-01
662,2012,36,2012-09-02,2012-09-08
663,2012,37,2012-09-09,2012-09-15
664,2012,38,2012-09-16,2012-09-22
665,2012,39,2012-09-23,2012-09-29
666,2012,40,2012-09-30,2012-10-06
667,2012,41,2012-10-07,2012-10-13
668,2012,42,2012-10-14,2012-10-20
669,2012,43,2012-10-21,2012-10-27
670,2012,44,2012-10-28,2012-11-03
671,2012,45,2012-11-04,2012-11-10
672,2012,46,2012-11-11,2012-11-17
673,2012,47,2012-11-18,2012-11-24
674,2012,48,2012-11-25,2012-12-01
675,2012,49,2012-12-02,2012-12-08
676,2012,50,2012-12-09,2012-12-15
677,2012,51,2012-12-16,2012-12-22
678,2012,52,2012-12-23,2012-12-29
679,2012,53,2012-12-30,2013-01-05
680,2013,1,2013-01-06,2013-01-12
681,2013,2,2013-01-13,2013-01-19
682,2013,3,2013-01-20,2013-01-26
683,2013,4,2013-01-27,2013-02-02
684,2013,5,2013-02-03,2013-02-09
685,2013,6,2013-02-10,2013-02-16
686,2013,7,2013-02-17,2013-02-23
687,2013,8,2013-02-24,2013-03-02
688,2013,9,2013-03-03,2013-03-09
689,2013,10,2013-03-10,2013-03-16
690,2013,11,2013-03-17,2013-03-23
691,2013,12,2013-03-24,2013-03-30
692,2013,13,2013-03-31,2013-04-06
693,2013,14,2013-04-07,2013-04-13
694,2013,15,2013-04-14,2013-04-20
695,2013,16,2013-04-21,2013-04-27
696,2013,17,2013-04-28,2013-05-04
697,2013,18,2013-05-05,2013-05-11
698,2013,19,2013-05-12,2013-05-18
699,2013,20,2013-05-19,2013-05-25
700,2013,21,2013-05-26,2013-06-01
701,2013,22,2013-06-02,2013-06-08
702,2013,23,2013-06-09,2013-06-15
703,2013,24,2013-06-16,2013-06-22
704,2013,25,2013-06-23,2013-06-29
705,2013,26,2013-06-30,2013-07-06
706,2013,27,2013-07-07,2013-07-13
707,2013,28,2013-07-14,2013-07-20
708,2013,29,2013-07-21,2013-07-27
709,2013,30,2013-07-28,2013-08-03
710,2013,31,2013-08-04,2013-08-10
711,2013,32,2013-08-11,2013-08-17
712,2013,33,2013-08-18,2013-08-24
713,2013,34,2013-08-25,2013-08-31
714,2013,35,2013-09-01,2013-09-07
715,2013,36,2013-09-08,2013-09-14
716,2013,37,2013-09-15,2013-09-21
717,2013,38,2013-09-22,2013-09-28
718,2013,39,2013-09-29,2013-10-05
719,2013,40,2013-10-06,2013-10-12
720,2013,41,2013-10-13,2013-10-19
721,2013,42,2013-10-20,2013-10-26
722,2013,43,2013-10-27,2013-11-02
723,2013,44,2013-11-03,2013-11-09
724,2013,45,2013-11-10,2013-11-16
725,2013,46,2013-11-17,2013-11-23
726,2013,47,2013-11-24,2013-11-30
727,2013,48,2013-12-01,2013-12-07
728,2013,49,2013-12-08,2013-12-14
729,2013,50,2013-12-15,2013-12-21
730,2013,51,2013-12-22,2013-12-28
731,2013,52,2013-12-29,2014-01-04
732,2014,1,2014-01-05,2014-01-11
733,2014,2,2014-01-12,2014-01-18
734,2014,3,2014-01-19,2014-01-25
735,2014,4,2014-01-26,2014-02-01
736,2014,5,2014-02-02,2014-02-08
737,2014,6,2014-02-09,2014-02-15
738,2014,7,2014-02-16,2014-02-22
739,2014,8,2014-02-23,2014-03-01
740,2014,9,2014-03-02,2014-03-08
741,2014,10,2014-03-09,2014-03-15
742,2014,11,2014-03-16,2014-03-22
743,2014,12,2014-03-23,2014-03-29
744,2014,13,2014-03-30,2014-04-05
745,2014,14,2014-04-06,2014-04-12
746,2014,15,2014-04-13,2014-04-19
747,2014,16,2014-04-20,2014-04-26
748,2014,17,2014-04-27,2014-05-03
749,2014,18,2014-05-04,2014-05-10
750,2014,19,2014-05-11,2014-05-17
751,2014,20,2014-05-18,2014-05-24
752,2014,21,2014-05-25,2014-05-31
753,2014,22,2014-06-01,2014-06-07
754,2014,23,2014-06-08,2014-06-14
755,2014,24,2014-06-15,2014-06-21
756,2014,25,2014-06-22,2014-06-28
757,2014,26,2014-06-29,2014-07-05
758,2014,27,2014-07-06,2014-07-12
759,2014,28,2014-07-13,2014-07-19
760,2014,29,2014-07-20,2014-07-26
761,2014,30,2014-07-27,2014-08-02
762,2014,31,2014-08-03,2014-08-09
763,2014,32,2014-08-10,2014-08-16
764,2014,33,2014-08-17,2014-08-23
765,2014,34,2014-08-24,2014-08-30
766,2014,35,2014-08-31,2014-09-06
767,2014,36,2014-09-07,2014-09-13
768,2014,37,2014-09-14,2014-09-20
769,2014,38,2014-09-21,2014-09-27
770,2014,39,2014-09-28,2014-10-04
771,2014,40,2014-10-05,2014-10-11
772,2014,41,2014-10-12,2014-10-18
773,2014,42,2014-10-19,2014-10-25
774,2014,43,2014-10-26,2014-11-01
775,2014,44,2014-11-02,2014-11-08
776,2014,45,2014-11-09,2014-11-15
777,2014,46,2014-11-16,2014-11-22
778,2014,47,2014-11-23,2014-11-29
779,2014,48,2014-11-30,2014-12-06
780,2014,49,2014-12-07,2014-12-13
781,2014,50,2014-12-14,2014-12-20
782,2014,51,2014-12-21,2014-12-27
783,2014,52,2014-12-28,2015-01-03
784,2015,1,2015-01-04,2015-01-10
785,2015,2,2015-01-11,2015-01-17
786,2015,3,2015-01-18,2015-01-24
787,2015,4,2015-01-25,2015-01-31
788,2015,5,2015-02-01,2015-02-07
789,2015,6,2015-02-08,2015-02-14
790,2015,7,2015-02-15,2015-02-21
791,2015,8,2015-02-22,2015-02-28
792,2015,9,2015-03-01,2015-03-07
793,2015,10,2015-03-08,2015-03-14
794,2015,11,2015-03-15,2015-03-21
795,2015,12,2015-03-22,2015-03-28
796,2015,13,2015-03-29,2015-04-04
797,2015,14,2015-04-05,2015-04-11
798,2015,15,2015-04-12,2015-04-18
799,2015,16,2015-04-19,2015-04-25
800,2015,17,2015-04-26,2015-05-02
801,2015,18,2015-05-03,2015-05-09
802,2015,19,2015-05-10,2015-05-16
803,2015,20,2015-05-17,2015-05-23
804,2015,21,2015-05-24,2015-05-30
805,2015,22,2015-05-31,2015-06-06
806,2015,23,2015-06-07,2015-06-13
807,2015,24,2015-06-14,2015-06-20
808,2015,25,2015-06-21,2015-06-27
809,2015,26,2015-06-28,2015-07-04
810,2015,27,2015-07-05,2015-07-11
811,2015,28,2015-07-12,2015-07-18
812,2015,29,2015-07-19,2015-07-25
813,2015,30,2015-07-26,2015-08-01
814,2015,31,2015-08-02,2015-08-08
815,2015,32,2015-08-09,2015-08-15
816,2015,33,2015-08-16,2015-08-22
817,2015,34,2015-08-23,2015-08-29
818,2015,35,2015-08-30,2015-09-05
819,2015,36,2015-09-06,2015-09-12
820,2015,37,2015-09-13,2015-09-19
821,2015,38,2015-09-20,2015-09-26
822,2015,39,2015-09-27,2015-10-03
823,2015,40,2015-10-04,2015-10-10
824,2015,41,2015-10-11,2015-10-17
825,2015,42,2015-10-18,2015-10-24
826,2015,43,2015-10-25,2015-10-31
827,2015,44,2015-11-01,2015-11-07
828,2015,45,2015-11-08,2015-11-14
829,2015,46,2015-11-15,2015-11-21
830,2015,47,2015-11-22,2015-11-28
831,2015,48,2015-11-29,2015-12-05
832,2015,49,2015-12-06,2015-12-12
833,2015,50,2015-12-13,2015-12-19
834,2015,51,2015-12-20,2015-12-26
835,2015,52,2015-12-27,2016-01-02
836,2016,1,2016-01-03,2016-01-09
837,2016,2,2016-01-10,2016-01-16
838,2016,3,2016-01-17,2016-01-23
839,2016,4,2016-01-24,2016-01-30
840,2016,5,2016-01-31,2016-02-06
841,2016,6,2016-02-07,2016-02-13
842,2016,7,2016-02-14,2016-02-20
843,2016,8,2016-02-21,2016-02-27
844,2016,9,2016-02-28,2016-03-05
845,2016,10,2016-03-06,2016-03-12
846,2016,11,2016-03-13,2016-03-19
847,2016,12,2016-03-20,2016-03-26
848,2016,13,2016-03-27,2016-04-02
849,2016,14,2016-04-03,2016-04-09
850,2016,15,2016-04-10,2016-04-16
851,2016,16,2016-04-17,2016-04-23
852,2016,17,2016-04-24,2016-04-30
853,2016,18,2016-05-01,2016-05-07
854,2016,19,2016-05-08,2016-05-14
855,2016,20,2016-05-15,2016-05-21
856,2016,21,2016-05-22,2016-05-28
857,2016,22,2016-05-29,2016-06-04
858,2016,23,2016-06-05,2016-06-11
859,2016,24,2016-06-12,2016-06-18
860,2016,25,2016-06-19,2016-06-25
861,2016,26,2016-06-26,2016-07-02
862,2016,27,2016-07-03,2016-07-09
863,2016,28,2016-07-10,2016-07-16
864,2016,29,2016-07-17,2016-07-23
865,2016,30,2016-07-24,2016-07-30
866,2016,31,2016-07-31,2016-08-06
867,2016,32,2016-08-07,2016-08-13
868,2016,33,2016-08-14,2016-08-20
869,2016,34,2016-08-21,2016-08-27
870,2016,35,2016-08-28,2016-09-03
871,2016,36,2016-09-04,2016-09-10
872,2016,37,2016-09-11,2016-09-17
873,2016,38,2016-09-18,2016-09-24
874,2016,39,2016-09-25,2016-10-01
875,2016,40,2016-10-02,2016-10-08
876,2016,41,2016-10-09,2016-10-15
877,2016,42,2016-10-16,2016-10-22
878,2016,43,2016-10-23,2016-10-29
879,2016,44,2016-10-30,2016-11-05
880,2016,45,2016-11-06,2016-11-12
881,2016,46,2016-11-13,2016-11-19
882,2016,47,2016-11-20,2016-11-26
883,2016,48,2016-11-27,2016-12-03
884,2016,49,2016-12-04,2016-12-10
885,2016,50,2016-12-11,2016-12-17
886,2016,51,2016-12-18,2016-12-24
887,2016,52,2016-12-25,2016-12-31
888,2017,1,2017-01-01,2017-01-07
889,2017,2,2017-01-08,2017-01-14
890,2017,3,2017-01-15,2017-01-21
891,2017,4,2017-01-22,2017-01-28
892,2017,5,2017-01-29,2017-02-04
893,2017,6,2017-02-05,2017-02-11
894,2017,7,2017-02-12,2017-02-18
895,2017,8,2017-02-19,2017-02-25
896,2017,9,2017-02-26,2017-03-04
897,2017,10,2017-03-05,2017-03-11
898,2017,11,2017-03-12,2017-03-18
899,2017,12,2017-03-19,2017-03-25
900,2017,13,2017-03-26,2017-04-01
901,2017,14,2017-04-02,2017-04-08
902,2017,15,2017-04-09,2017-04-15
903,2017,16,2017-04-16,2017-04-22
904,2017,17,2017-04-23,2017-04-29
905,2017,18,2017-04-30,2017-05-06
906,2017,19,2017-05-07,2017-05-13
907,2017,20,2017-05-14,2017-05-20
908,2017,21,2017-05-21,2017-05-27
909,2017,22,2017-05-28,2017-06-03
910,2017,23,2017-06-04,2017-06-10
911,2017,24,2017-06-11,2017-06-17
912,2017,25,2017-06-18,2017-06-24
913,2017,26,2017-06-25,2017-07-01
914,2017,27,2017-07-02,2017-07-08
915,2017,28,2017-07-09,2017-07-15
916,2017,29,2017-07-16,2017-07-22
917,2017,30,2017-07-23,2017-07-29
918,2017,31,2017-07-30,2017-08-05
919,2017,32,2017-08-06,2017-08-12
920,2017,33,2017-08-13,2017-08-19
921,2017,34,2017-08-20,2017-08-26
922,2017,35,2017-08-27,2017-09-02
923,2017,36,2017-09-03,2017-09-09
924,2017,37,2017-09-10,2017-09-16
925,2017,38,2017-09-17,2017-09-23
926,2017,39,2017-09-24,2017-09-30
927,2017,40,2017-10-01,2017-10-07
928,2017,41,2017-10-08,2017-10-14
929,2017,42,2017-10-15,2017-10-21
930,2017,43,2017-10-22,2017-10-28
931,2017,44,2017-10-29,2017-11-04
932,2017,45,2017-11-05,2017-11-11
933,2017,46,2017-11-12,2017-11-18
934,2017,47,2017-11-19,2017-11-25
935,2017,48,2017-11-26,2017-12-02
936,2017,49,2017-12-03,2017-12-09
937,2017,50,2017-12-10,2017-12-16
938,2017,51,2017-12-17,2017-12-23
939,2017,52,2017-12-24,2017-12-30
940,2017,53,2017-12-31,2018-01-06
941,2018,1,2018-01-07,2018-01-13
942,2018,2,2018-01-14,2018-01-20
943,2018,3,2018-01-21,2018-01-27
944,2018,4,2018-01-28,2018-02-03
945,2018,5,2018-02-04,2018-02-10
946,2018,6,2018-02-11,2018-02-17
947,2018,7,2018-02-18,2018-02-24
948,2018,8,2018-02-25,2018-03-03
949,2018,9,2018-03-04,2018-03-10
950,2018,10,2018-03-11,2018-03-17
951,2018,11,2018-03-18,2018-03-24
952,2018,12,2018-03-25,2018-03-31
953,2018,13,2018-04-01,2018-04-07
954,2018,14,2018-04-08,2018-04-14
955,2018,15,2018-04-15,2018-04-21
956,2018,16,2018-04-22,2018-04-28
957,2018,17,2018-04-29,2018-05-05
958,2018,18,2018-05-06,2018-05-12
959,2018,19,2018-05-13,2018-05-19
960,2018,20,2018-05-20,2018-05-26
961,2018,21,2018-05-27,2018-06-02
962,2018,22,2018-06-03,2018-06-09
963,2018,23,2018-06-10,2018-06-16
964,2018,24,2018-06-17,2018-06-23
965,2018,25,2018-06-24,2018-06-30
966,2018,26,2018-07-01,2018-07-07
967,2018,27,2018-07-08,2018-07-14
968,2018,28,2018-07-15,2018-07-21
969,2018,29,2018-07-22,2018-07-28
970,2018,30,2018-07-29,2018-08-04
971,2018,31,2018-08-05,2018-08-11
972,2018,32,2018-08-12,2018-08-18
973,2018,33,2018-08-19,2018-08-25
974,2018,34,2018-08-26,2018-09-01
975,2018,35,2018-09-02,2018-09-08
976,2018,36,2018-09-09,2018-09-15
977,2018,37,2018-09-16,2018-09-22
978,2018,38,2018-09-23,2018-09-29
979,2018,39,2018-09-30,2018-10-06
980,2018,40,2018-10-07,2018-10-13
981,2018,41,2018-10-14,2018-10-20
982,2018,42,2018-10-21,2018-10-27
983,2018,43,2018-10-28,2018-11-03
984,2018,44,2018-11-04,2018-11-10
985,2018,45,2018-11-11,2018-11-17
986,2018,46,2018-11-18,2018-11-24
987,2018,47,2018-11-25,2018-12-01
988,2018,48,2018-12-02,2018-12-08
989,2018,49,2018-12-09,2018-12-15
990,2018,50,2018-12-16,2018-12-22
991,2018,51,2018-12-23,2018-12-29
992,2018,52,2018-12-30,2019-01-05
993,2019,1,2019-01-06,2019-01-12
994,2019,2,2019-01-13,2019-01-19
995,2019,3,2019-01-20,2019-01-26
996,2019,4,2019-01-27,2019-02-02
997,2019,5,2019-02-03,2019-02-09
998,2019,6,2019-02-10,2019-02-16
999,2019,7,2019-02-17,2019-02-23
1000,2019,8,2019-02-24,2019-03-02
1001,2019,9,2019-03-03,2019-03-09
1002,2019,10,2019-03-10,2019-03-16
1003,2019,11,2019-03-17,2019-03-23
1004,2019,12,2019-03-24,2019-03-30
1005,2019,13,2019-03-31,2019-04-06
1006,2019,14,2019-04-07,2019-04-13
1007,2019,15,2019-04-14,2019-04-20
1008,2019,16,2019-04-21,2019-04-27
1009,2019,17,2019-04-28,2019-05-04
1010,2019,18,2019-05-05,2019-05-11
1011,2019,19,2019-05-12,2019-05-18
1012,2019,20,2019-05-19,2019-05-25
1013,2019,21,2019-05-26,2019-06-01
1014,2019,22,2019-06-02,2019-06-08
1015,2019,23,2019-06-09,2019-06-15
1016,2019,24,2019-06-16,2019-06-22
1017,2019,25,2019-06-23,2019-06-29
1018,2019,26,2019-06-30,2019-07-06
1019,2019,27,2019-07-07,2019-07-13
1020,2019,28,2019-07-14,2019-07-20
1021,2019,29,2019-07-21,2019-07-27
1022,2019,30,2019-07-28,2019-08-03
1023,2019,31,2019-08-04,2019-08-10
1024,2019,32,2019-08-11,2019-08-17
1025,2019,33,2019-08-18,2019-08-24
1026,2019,34,2019-08-25,2019-08-31
1027,2019,35,2019-09-01,2019-09-07
1028,2019,36,2019-09-08,2019-09-14
1029,2019,37,2019-09-15,2019-09-21
1030,2019,38,2019-09-22,2019-09-28
1031,2019,39,2019-09-29,2019-10-05
1032,2019,40,2019-10-06,2019-10-12
1033,2019,41,2019-10-13,2019-10-19
1034,2019,42,2019-10-20,2019-10-26
1035,2019,43,2019-10-27,2019-11-02
1036,2019,44,2019-11-03,2019-11-09
1037,2019,45,2019-11-10,2019-11-16
1038,2019,46,2019-11-17,2019-11-23
1039,2019,47,2019-11-24,2019-11-30
1040,2019,48,2019-12-01,2019-12-07
1041,2019,49,2019-12-08,2019-12-14
1042,2019,50,2019-12-15,2019-12-21
1043,2019,51,2019-12-22,2019-12-28
1044,2019,52,2019-12-29,2020-01-04
1045,2020,1,2020-01-05,2020-01-11
1046,2020,2,2020-01-12,2020-01-18
1047,2020,3,2020-01-19,2020-01-25
1048,2020,4,2020-01-26,2020-02-01
1049,2020,5,2020-02-02,2020-02-08
1050,2020,6,2020-02-09,2020-02-15
1051,2020,7,2020-02-16,2020-02-22
1052,2020,8,2020-02-23,2020-02-29
1053,2020,9,2020-03-01,2020-03-07
1054,2020,10,2020-03-08,2020-03-14
1055,2020,11,2020-03-15,2020-03-21
1056,2020,12,2020-03-22,2020-03-28
1057,2020,13,2020-03-29,2020-04-04
1058,2020,14,2020-04-05,2020-04-11
1059,2020,15,2020-04-12,2020-04-18
1060,2020,16,2020-04-19,2020-04-25
1061,2020,17,2020-04-26,2020-05-02
1062,2020,18,2020-05-03,2020-05-09
1063,2020,19,2020-05-10,2020-05-16
1064,2020,20,2020-05-17,2020-05-23
1065,2020,21,2020-05-24,2020-05-30
1066,2020,22,2020-05-31,2020-06-06
1067,2020,23,2020-06-07,2020-06-13
1068,2020,24,2020-06-14,2020-06-20
1069,2020,25,2020-06-21,2020-06-27
1070,2020,26,2020-06-28,2020-07-04
1071,2020,27,2020-07-05,2020-07-11
1072,2020,28,2020-07-12,2020-07-18
1073,2020,29,2020-07-19,2020-07-25
1074,2020,30,2020-07-26,2020-08-01
1075,2020,31,2020-08-02,2020-08-08
1076,2020,32,2020-08-09,2020-08-15
1077,2020,33,2020-08-16,2020-08-22
1078,2020,34,2020-08-23,2020-08-29
1079,2020,35,2020-08-30,2020-09-05
1080,2020,36,2020-09-06,2020-09-12
1081,2020,37,2020-09-13,2020-09-19
1082,2020,38,2020-09-20,2020-09-26
1083,2020,39,2020-09-27,2020-10-03
1084,2020,40,2020-10-04,2020-10-10
1085,2020,41,2020-10-11,2020-10-17
1086,2020,42,2020-10-18,2020-10-24
1087,2020,43,2020-10-25,2020-10-31
1088,2020,44,2020-11-01,2020-11-07
1089,2020,45,2020-11-08,2020-11-14
1090,2020,46,2020-11-15,2020-11-21
1091,2020,47,2020-11-22,2020-11-28
1092,2020,48,2020-11-29,2020-12-05
1093,2020,49,2020-12-06,2020-12-12
1094,2020,50,2020-12-13,2020-12-19
1095,2020,51,2020-12-20,2020-12-26
1096,2020,52,2020-12-27,2021-01-02
1097,2021,1,2021-01-03,2021-01-09
1098,2021,2,2021-01-10,2021-01-16
1099,2021,3,2021-01-17,2021-01-23
1100,2021,4,2021-01-24,2021-01-30
1101,2021,5,2021-01-31,2021-02-06
1102,2021,6,2021-02-07,2021-02-13
1103,2021,7,2021-02-14,2021-02-20
1104,2021,8,2021-02-21,2021-02-27
1105,2021,9,2021-02-28,2021-03-06
1106,2021,10,2021-03-07,2021-03-13
1107,2021,11,2021-03-14,2021-03-20
1108,2021,12,2021-03-21,2021-03-27
1109,2021,13,2021-03-28,2021-04-03
1110,2021,14,2021-04-04,2021-04-10
1111,2021,15,2021-04-11,2021-04-17
1112,2021,16,2021-04-18,2021-04-24
1113,2021,17,2021-04-25,2021-05-01
1114,2021,18,2021-05-02,2021-05-08
1115,2021,19,2021-05-09,2021-05-15
1116,2021,20,2021-05-16,2021-05-22
1117,2021,21,2021-05-23,2021-05-29
1118,2021,22,2021-05-30,2021-06-05
1119,2021,23,2021-06-06,2021-06-12
1120,2021,24,2021-06-13,2021-06-19
1121,2021,25,2021-06-20,2021-06-26
1122,2021,26,2021-06-27,2021-07-03
1123,2021,27,2021-07-04,2021-07-10
1124,2021,28,2021-07-11,2021-07-17
1125,2021,29,2021-07-18,2021-07-24
1126,2021,30,2021-07-25,2021-07-31
1127,2021,31,2021-08-01,2021-08-07
1128,2021,32,2021-08-08,2021-08-14
1129,2021,33,2021-08-15,2021-08-21
1130,2021,34,2021-08-22,2021-08-28
1131,2021,35,2021-08-29,2021-09-04
1132,2021,36,2021-09-05,2021-09-11
1133,2021,37,2021-09-12,2021-09-18
1134,2021,38,2021-09-19,2021-09-25
1135,2021,39,2021-09-26,2021-10-02
1136,2021,40,2021-10-03,2021-10-09
1137,2021,41,2021-10-10,2021-10-16
1138,2021,42,2021-10-17,2021-10-23
1139,2021,43,2021-10-24,2021-10-30
1140,2021,44,2021-10-31,2021-11-06
1141,2021,45,2021-11-07,2021-11-13
1142,2021,46,2021-11-14,2021-11-20
1143,2021,47,2021-11-21,2021-11-27
1144,2021,48,2021-11-28,2021-12-04
1145,2021,49,2021-12-05,2021-12-11
1146,2021,50,2021-12-12,2021-12-18
1147,2021,51,2021-12-19,2021-12-25
1148,2021,52,2021-12-26,2022-01-01
1149,2022,1,2022-01-02,2022-01-08
1150,2022,2,2022-01-09,2022-01-15
1151,2022,3,2022-01-16,2022-01-22
1152,2022,4,2022-01-23,2022-01-29
1153,2022,5,2022-01-30,2022-02-05
1154,2022,6,2022-02-06,2022-02-12
1155,2022,7,2022-02-13,2022-02-19
1156,2022,8,2022-02-20,2022-02-26
1157,2022,9,2022-02-27,2022-03-05
1158,2022,10,2022-03-06,2022-03-12
1159,2022,11,2022-03-13,2022-03-19
1160,2022,12,2022-03-20,2022-03-26
1161,2022,13,2022-03-27,2022-04-02
1162,2022,14,2022-04-03,2022-04-09
1163,2022,15,2022-04-10,2022-04-16
1164,2022,16,2022-04-17,2022-04-23
1165,2022,17,2022-04-24,2022-04-30
1166,2022,18,2022-05-01,2022-05-07
1167,2022,19,2022-05-08,2022-05-14
1168,2022,20,2022-05-15,2022-05-21
1169,2022,21,2022-05-22,2022-05-28
1170,2022,22,2022-05-29,2022-06-04
1171,2022,23,2022-06-05,2022-06-11
1172,2022,24,2022-06-12,2022-06-18
1173,2022,25,2022-06-19,2022-06-25
1174,2022,26,2022-06-26,2022-07-02
1175,2022,27,2022-07-03,2022-07-09
1176,2022,28,2022-07-10,2022-07-16
1177,2022,29,2022-07-17,2022-07-23
1178,2022,30,2022-07-24,2022-07-30
1179,2022,31,2022-07-31,2022-08-06
1180,2022,32,2022-08-07,2022-08-13
1181,2022,33,2022-08-14,2022-08-20
1182,2022,34,2022-08-21,2022-08-27
1183,2022,35,2022-08-28,2022-09-03
1184,2022,36,2022-09-04,2022-09-10
1185,2022,37,2022-09-11,2022-09-17
1186,2022,38,2022-09-18,2022-09-24
1187,2022,39,2022-09-25,2022-10-01
1188,2022,40,2022-10-02,2022-10-08
1189,2022,41,2022-10-09,2022-10-15
1190,2022,42,2022-10-16,2022-10-22
1191,2022,43,2022-10-23,2022-10-29
1192,2022,44,2022-10-30,2022-11-05
1193,2022,45,2022-11-06,2022-11-12
1194,2022,46,2022-11-13,2022-11-19
1195,2022,47,2022-11-20,2022-11-26
1196,2022,48,2022-11-27,2022-12-03
1197,2022,49,2022-12-04,2022-12-10
1198,2022,50,2022-12-11,2022-12-17
1199,2022,51,2022-12-18,2022-12-24
1200,2022,52,2022-12-25,2022-12-31
1201,2023,1,2023-01-01,2023-01-07
1202,2023,2,2023-01-08,2023-01-14
1203,2023,3,2023-01-15,2023-01-21
1204,2023,4,2023-01-22,2023-01-28
1205,2023,5,2023-01-29,2023-02-04
1206,2023,6,2023-02-05,2023-02-11
1207,2023,7,2023-02-12,2023-02-18
1208,2023,8,2023-02-19,2023-02-25
1209,2023,9,2023-02-26,2023-03-04
1210,2023,10,2023-03-05,2023-03-11
1211,2023,11,2023-03-12,2023-03-18
1212,2023,12,2023-03-19,2023-03-25
1213,2023,13,2023-03-26,2023-04-01
1214,2023,14,2023-04-02,2023-04-08
1215,2023,15,2023-04-09,2023-04-15
1216,2023,16,2023-04-16,2023-04-22
1217,2023,17,2023-04-23,2023-04-29
1218,2023,18,2023-04-30,2023-05-06
1219,2023,19,2023-05-07,2023-05-13
1220,2023,20,2023-05-14,2023-05-20
1221,2023,21,2023-05-21,2023-05-27
1222,2023,22,2023-05-28,2023-06-03
1223,2023,23,2023-06-04,2023-06-10
1224,2023,24,2023-06-11,2023-06-17
1225,2023,25,2023-06-18,2023-06-24
1226,2023,26,2023-06-25,2023-07-01
1227,2023,27,2023-07-02,2023-07-08
1228,2023,28,2023-07-09,2023-07-15
1229,2023,29,2023-07-16,2023-07-22
1230,2023,30,2023-07-23,2023-07-29
1231,2023,31,2023-07-30,2023-08-05
1232,2023,32,2023-08-06,2023-08-12
1233,2023,33,2023-08-13,2023-08-19
1234,2023,34,2023-08-20,2023-08-26
1235,2023,35,2023-08-27,2023-09-02
1236,2023,36,2023-09-03,2023-09-09
1237,2023,37,2023-09-10,2023-09-16
1238,2023,38,2023-09-17,2023-09-23
1239,2023,39,2023-09-24,2023-09-30
1240,2023,40,2023-10-01,2023-10-07
1241,2023,41,2023-10-08,2023-10-14
1242,2023,42,2023-10-15,2023-10-21
1243,2023,43,2023-10-22,2023-10-28
1244,2023,44,2023-10-29,2023-11-04
1245,2023,45,2023-11-05,2023-11-11
1246,2023,46,2023-11-12,2023-11-18
1247,2023,47,2023-11-19,2023-11-25
1248,2023,48,2023-11-26,2023-12-02
1249,2023,49,2023-12-03,2023-12-09
1250,2023,50,2023-12-10,2023-12-16
1251,2023,51,2023-12-17,2023-12-23
1252,2023,52,2023-12-24,2023-12-30
1253,2023,53,2023-12-31,2024-01-06
1254,2024,1,2024-01-07,2024-01-13
1255,2024,2,2024-01-14,2024-01-20
1256,2024,3,2024-01-21,2024-01-27
1257,2024,4,2024-01-28,2024-02-03
1258,2024,5,2024-02-04,2024-02-10
1259,2024,6,2024-02-11,2024-02-17
1260,2024,7,2024-02-18,2024-02-24
1261,2024,8,2024-02-25,2024-03-02
1262,2024,9,2024-03-03,2024-03-09
1263,2024,10,2024-03-10,2024-03-16
1264,2024,11,2024-03-17,2024-03-23
1265,2024,12,2024-03-24,2024-03-30
1266,2024,13,2024-03-31,2024-04-06
1267,2024,14,2024-04-07,2024-04-13
1268,2024,15,2024-04-14,2024-04-20
1269,2024,16,2024-04-21,2024-04-27
1270,2024,17,2024-04-28,2024-05-04
1271,2024,18,2024-05-05,2024-05-11
1272,2024,19,2024-05-12,2024-05-18
1273,2024,20,2024-05-19,2024-05-25
1274,2024,21,2024-05-26,2024-06-01
1275,2024,22,2024-06-02,2024-06-08
1276,2024,23,2024-06-09,2024-06-15
1277,2024,24,2024-06-16,2024-06-22
1278,2024,25,2024-06-23,2024-06-29
1279,2024,26,2024-06-30,2024-07-06
1280,2024,27,2024-07-07,2024-07-13
1281,2024,28,2024-07-14,2024-07-20
1282,2024,29,2024-07-21,2024-07-27
1283,2024,30,2024-07-28,2024-08-03
1284,2024,31,2024-08-04,2024-08-10
1285,2024,32,2024-08-11,2024-08-17
1286,2024,33,2024-08-18,2024-08-24
1287,2024,34,2024-08-25,2024-08-31
1288,2024,35,2024-09-01,2024-09-07
1289,2024,36,2024-09-08,2024-09-14
1290,2024,37,2024-09-15,2024-09-21
1291,2024,38,2024-09-22,2024-09-28
1292,2024,39,2024-09-29,2024-10-05
1293,2024,40,2024-10-06,2024-10-12
1294,2024,41,2024-10-13,2024-10-19
1295,2024,42,2024-10-20,2024-10-26
1296,2024,43,2024-10-27,2024-11-02
1297,2024,44,2024-11-03,2024-11-09
1298,2024,45,2024-11-10,2024-11-16
1299,2024,46,2024-11-17,2024-11-23
1300,2024,47,2024-11-24,2024-11-30
1301,2024,48,2024-12-01,2024-12-07
1302,2024,49,2024-12-08,2024-12-14
1303,2024,50,2024-12-15,2024-12-21
1304,2024,51,2024-12-22,2024-12-28
1305,2024,52,2024-12-29,2025-01-04
1306,2025,1,2025-01-05,2025-01-11
1307,2025,2,2025-01-12,2025-01-18
1308,2025,3,2025-01-19,2025-01-25
1309,2025,4,2025-01-26,2025-02-01
1310,2025,5,2025-02-02,2025-02-08
1311,2025,6,2025-02-09,2025-02-15
1312,2025,7,2025-02-16,2025-02-22
1313,2025,8,2025-02-23,2025-03-01
1314,2025,9,2025-03-02,2025-03-08
1315,2025,10,2025-03-09,2025-03-15
1316,2025,11,2025-03-16,2025-03-22
1317,2025,12,2025-03-23,2025-03-29
1318,2025,13,2025-03-30,2025-04-05
1319,2025,14,2025-04-06,2025-04-12
1320,2025,15,2025-04-13,2025-04-19
1321,2025,16,2025-04-20,2025-04-26
1322,2025,17,2025-04-27,2025-05-03
1323,2025,18,2025-05-04,2025-05-10
1324,2025,19,2025-05-11,2025-05-17
1325,2025,20,2025-05-18,2025-05-24
1326,2025,21,2025-05-25,2025-05-31
1327,2025,22,2025-06-01,2025-06-07
1328,2025,23,2025-06-08,2025-06-14
1329,2025,24,2025-06-15,2025-06-21
1330,2025,25,2025-06-22,2025-06-28
1331,2025,26,2025-06-29,2025-07-05
1332,2025,27,2025-07-06,2025-07-12
1333,2025,28,2025-07-13,2025-07-19
1334,2025,29,2025-07-20,2025-07-26
1335,2025,30,2025-07-27,2025-08-02
1336,2025,31,2025-08-03,2025-08-09
1337,2025,32,2025-08-10,2025-08-16
1338,2025,33,2025-08-17,2025-08-23
1339,2025,34,2025-08-24,2025-08-30
1340,2025,35,2025-08-31,2025-09-06
1341,2025,36,2025-09-07,2025-09-13
1342,2025,37,2025-09-14,2025-09-20
1343,2025,38,2025-09-21,2025-09-27
1344,2025,39,2025-09-28,2025-10-04
1345,2025,40,2025-10-05,2025-10-11
1346,2025,41,2025-10-12,2025-10-18
1347,2025,42,2025-10-19,2025-10-25
1348,2025,43,2025-10-26,2025-11-01
1349,2025,44,2025-11-02,2025-11-08
1350,2025,45,2025-11-09,2025-11-15
1351,2025,46,2025-11-16,2025-11-22
1352,2025,47,2025-11-23,2025-11-29
1353,2025,48,2025-11-30,2025-12-06
1354,2025,49,2025-12-07,2025-12-13
1355,2025,50,2025-12-14,2025-12-20
1356,2025,51,2025-12-21,2025-12-27
1357,2025,52,2025-12-28,2026-01-03
1358,2026,1,2026-01-04,2026-01-10
1359,2026,2,2026-01-11,2026-01-17
1360,2026,3,2026-01-18,2026-01-24
1361,2026,4,2026-01-25,2026-01-31
1362,2026,5,2026-02-01,2026-02-07
1363,2026,6,2026-02-08,2026-02-14
1364,2026,7,2026-02-15,2026-02-21
1365,2026,8,2026-02-22,2026-02-28
1366,2026,9,2026-03-01,2026-03-07
1367,2026,10,2026-03-08,2026-03-14
1368,2026,11,2026-03-15,2026-03-21
1369,2026,12,2026-03-22,2026-03-28
1370,2026,13,2026-03-29,2026-04-04
1371,2026,14,2026-04-05,2026-04-11
1372,2026,15,2026-04-12,2026-04-18
1373,2026,16,2026-04-19,2026-04-25
1374,2026,17,2026-04-26,2026-05-02
1375,2026,18,2026-05-03,2026-05-09
1376,2026,19,2026-05-10,2026-05-16
1377,2026,20,2026-05-17,2026-05-23
1378,2026,21,2026-05-24,2026-05-30
1379,2026,22,2026-05-31,2026-06-06
1380,2026,23,2026-06-07,2026-06-13
1381,2026,24,2026-06-14,2026-06-20
1382,2026,25,2026-06-21,2026-06-27
1383,2026,26,2026-06-28,2026-07-04
1384,2026,27,2026-07-05,2026-07-11
1385,2026,28,2026-07-12,2026-07-18
1386,2026,29,2026-07-19,2026-07-25
1387,2026,30,2026-07-26,2026-08-01
1388,2026,31,2026-08-02,2026-08-08
1389,2026,32,2026-08-09,2026-08-15
1390,2026,33,2026-08-16,2026-08-22
1391,2026,34,2026-08-23,2026-08-29
1392,2026,35,2026-08-30,2026-09-05
1393,2026,36,2026-09-06,2026-09-12
1394,2026,37,2026-09-13,2026-09-19
1395,2026,38,2026-09-20,2026-09-26
1396,2026,39,2026-09-27,2026-10-03
1397,2026,40,2026-10-04,2026-10-10
1398,2026,41,2026-10-11,2026-10-17
1399,2026,42,2026-10-18,2026-10-24
1400,2026,43,2026-10-25,2026-10-31
1401,2026,44,2026-11-01,2026-11-07
1402,2026,45,2026-11-08,2026-11-14
1403,2026,46,2026-11-15,2026-11-21
1404,2026,47,2026-11-22,2026-11-28
1405,2026,48,2026-11-29,2026-12-05
1406,2026,49,2026-12-06,2026-12-12
1407,2026,50,2026-12-13,2026-12-19
1408,2026,51,2026-12-20,2026-12-26
1409,2026,52,2026-12-27,2027-01-02
